Category,Model,Product Name,Variant,Outright Price,84mo Self-Service,84mo Combine,84mo Regular Visit,60mo Self-Service,60mo Regular Visit,60mo Combine,LG Page URL
Water Purifier,WD518AN,PuriCare Tankless Water Purifier,Hot Ambient Cold (Calming Cream Grey),3200,70,90,,100,120,80,https://www.lg.com/my/lg-subscribe/water-purifiers/wd518an-agyrlml/lgsubscribe
Water Purifier,WD518AN,PuriCare Tankless Water Purifier,Hot Ambient Cold (Calming Beige),3200,70,90,,100,120,80,https://www.lg.com/my/water-purifiers/objet-collection-water-purifier/wd518an-abgrlml/lgsubscribe
Water Purifier,WD516AN,PuriCare Tankless Water Purifier,Hot Ambient Cold (Calming Navy),3200,70,90,,100,120,80,https://www.lg.com/my/water-purifiers/water-purifiers/wd516an/lgsubscribe
Water Purifier,WD516AN,PuriCare Tankless Water Purifier,Hot Ambient Cold (Silver),3200,70,90,,100,120,80,https://www.lg.com/my/water-purifiers/water-purifiers/wd516an-grey/lgsubscribe
Air Purifier,AS10GDBY0,PuriCare 360 Double Booster,Nature Beige,4600,105,125,,135,155,N/A,https://www.lg.com/my/lg-subscribe/air-purifiers/as10gdby0/lgsubscribe
Air Purifier,AS65GDBY0,PuriCare 360 Single Booster,Nature Beige,3550,75,95,,105,125,N/A,https://www.lg.com/my/lg-subscribe/air-purifiers/as65gdby0/lgsubscribe
Air Purifier,AS60GHBTO,PuriCare 360 Hit (Pet Version),Blue,2100,55,75,,85,105,N/A,https://www.lg.com/my/lg-subscribe/air-purifiers/as60ghbt0/lgsubscribe
Air Purifier,AS55GGSYO,PuriCare AeroBooster (Pet Version),Beige,3300,70,90,,100,120,N/A,https://www.lg.com/my/lg-subscribe/air-purifiers/as55ggsy0/lgsubscribe
Air Purifier,AS30GGW10,PuriCare AeroMini,White,900,40,50,,60,70,N/A,https://www.lg.com/my/lg-subscribe/air-purifiers/as30ggw10/lgsubscribe
Air Purifier,AS25GCBZO,PuriCare AeroCat Tower,Clay Brown,3200,70,90,,100,120,N/A,https://www.lg.com/my/lg-subscribe/air-purifiers/as25gcbz0/lgsubscribe
Styler,S3WF,LG Styler Steam Clothing Care,Essence White,5899,90,28,,110,N/A,100,https://www.lg.com/my/lg-subscribe/styler/s3wf-blwqeml/lgsubscribe
Massage Chair,MH21RRY,LG Massage Recliner,Brown,8000,N/A,28,,135,140,N/A,https://www.lg.com/my/lg-subscribe/massage-chairs/mh21rry/
Air Conditioner,S3-Q120AGZB,DUALCOOL AI (1.5HP),White,N/A,N/A,28,,N/A,95,N/A,https://www.lg.com/my/lg-subscribe/residential-air-conditioners/s3-q120agzb/lgsubscribe
Air Conditioner,S3-Q2412GZC,DUALCOOL AI (2.5HP),White,N/A,N/A,28,,N/A,125,N/A,https://www.lg.com/my/lg-subscribe/residential-air-conditioners/s3-q120agzb/lgsubscribe
Air Conditioner,S3-Q12JARPA,ARTCOOL Mirror (1.5HP),Mirror,N/A,N/A,28,,N/A,100,N/A,https://www.lg.com/my/lg-subscribe/residential-air-conditioners/s3-q12jarpa/lgsubscribe
Air Conditioner,S3-Q24K2RPA,ARTCOOL Mirror (2.5HP),Mirror,N/A,N/A,28,,N/A,130,N/A,https://www.lg.com/my/lg-subscribe/residential-air-conditioners/s3-q24k2rpa/lgsubscribe
Air Conditioner,S3-Q09JAYPP,DUALCOOL (1.0HP),White,N/A,N/A,28,,N/A,80,N/A,https://www.lg.com/my/lg-subscribe/residential-air-conditioners/s3-q09jaypp/lgsubscribe
Air Conditioner,S3-Q12JAYPP,DUALCOOL (1.5HP),White,N/A,N/A,28,,N/A,90,N/A,https://www.lg.com/my/lg-subscribe/residential-air-conditioners/s3-q12jaypp/lgsubscribe
Air Conditioner,S3-Q18KAYPA,DUALCOOL (2.0HP),White,N/A,N/A,28,,N/A,110,N/A,https://www.lg.com/my/rent-up/residential-air-conditioners/s3-q18kaypa/lgsubscribe
Air Conditioner,S3-Q24KLYPA,DUALCOOL (2.5HP),White,N/A,N/A,28,,N/A,120,N/A,https://www.lg.com/my/lg-subscribe/residential-air-conditioners/s3-q24klypa/lgsubscribe
Washer,FX1412S5GR,Front Loader Washing Machine,Matte Black (12kg),N/A,N/A,90,,N/A,110,70,
Washer,F2520SNEKR,Front Loader Washing Machine,Matte Black (20kg),N/A,N/A,110,,N/A,130,100,https://www.lg.com/my/washer-dryers/front-load-washing-machines/f2520snek/
Washer Dryer,F2515RNTKAR,Washer Dryer,Matte Black (15/8kg),N/A,N/A,95,,N/A,115,85,https://www.lg.com/my/lg-subscribe/washer-dryers/f2515rntkar/lgsubscribe
Washer Dryer,WT2520NHEGR,LG WashTower,Nature Green/Beige (25/20kg),N/A,N/A,28,,N/A,290,280,https://www.lg.com/my/lg-subscribe/washer-dryers/wt2520nhegr/lgsubscribe
Washer Dryer,WT1410NHB,LG WashTower,Platinum Black (14/10kg),N/A,N/A,28,,N/A,220,210,https://www.lg.com/my/lg-subscribe/washer-dryers/wt1410nhb/lgsubscribe
Top Loader,TV2520SV9KR,LG Top Loader,Black (20kg),N/A,N/A,100,90,N/A,110,80,https://www.lg.com/my/lg-subscribe/washer-dryers/tv2520sv9kr/lgsubscribe
Top Loader,TX2522AT9GR,LG Top Loader,Black (22kg),N/A,N/A,100,90,N/A,110,80,https://www.lg.com/my/lg-subscribe/washer-dryers/tv2520sv9kr/lgsubscribe
Dryer,RX10VHP3KR,LG DUAL Inverter Heat Pump Dryer,Matte Black (10kg),N/A,N/A,28,,N/A,140,130,https://www.lg.com/my/lg-subscribe/washer-dryers/rx10vhp3kr/lgsubscribe
Dryer,RX10VHP3WR,LG DUAL Inverter Heat Pump Dryer,Essence White (10kg),N/A,N/A,28,,N/A,140,130,https://www.lg.com/my/lg-subscribe/washer-dryers/rx10vhp3wr/lgsubscribe
Refrigerator,GC-X24FFC7R,InstaView French Door,Beige (601L),N/A,N/A,270,,N/A,290,N/A,https://www.lg.com/my/lg-subscribe/refrigerators/gc-x24ffc7r/
Refrigerator,GV-K25FFGER,InstaView French Door,White (612L),N/A,N/A,160,,N/A,180,N/A,https://www.lg.com/my/lg-subscribe/refrigerators/gv-k25ffger/lgsubscribe
Refrigerator,GC-J257SQNW,Side-by-Side Refrigerator,Matte Black (635L),N/A,N/A,28,,N/A,130,N/A,https://www.lg.com/my/lg-subscribe/refrigerators/gc-j257sqnw/lgsubscribe
Refrigerator,GN-F452PQAK,Top Freezer Refrigerator,Matte Black (493L),N/A,N/A,28,,N/A,80,N/A,https://www.lg.com/my/lg-subscribe/refrigerators/gn-f452pqak/lgsubscribe
Dishwasher,DFC335HM,QuadWash Steam Dishwasher,Matte Black,N/A,N/A,28,,N/A,150,N/A,https://www.lg.com/my/lg-subscribe/dishwashers/dfc335hm/lgsubscribe
TV,OLED65B6SSA,LG OLED AI 4K TV,65 inch,N/A,N/A,28,,N/A,190,N/A,https://www.lg.com/my/lg-subscribe/tvs/oled65b6ssa/lgsubscribe
TV,55QNED87BSA,LG QNED evo AI Mini LED,55 inch,N/A,N/A,28,,N/A,100,N/A,https://www.lg.com/my/lg-subscribe/tvs/55qned87bsa/lgsubscribe
TV,65QNED87BSA,LG QNED evo AI Mini LED,65 inch,N/A,N/A,28,,N/A,115,N/A,https://www.lg.com/my/lg-subscribe/tvs/65qned87bsa/lgsubscribe
TV,75QNED87BSA,LG QNED evo AI Mini LED,75 inch,N/A,N/A,28,,N/A,170,N/A,https://www.lg.com/my/lg-subscribe/tvs/75qned87bsa/lgsubscribe
TV,50NU865BPSA,LG NANO 4K UHD AI TV,50 inch,N/A,N/A,28,,N/A,60,N/A,https://www.lg.com/my/lg-subscribe/tvs/50nu865bpsa/lgsubscribe
TV,55NU865BPSA,LG NANO 4K UHD AI TV,55 inch,N/A,N/A,28,,N/A,65,N/A,https://www.lg.com/my/lg-subscribe/tvs/55nu865bpsa/lgsubscribe
TV,65NU865BPSA,LG NANO 4K UHD AI TV,65 inch,N/A,N/A,28,,N/A,80,N/A,https://www.lg.com/my/lg-subscribe/tvs/65nu865bpsa/lgsubscribe